Timestamp,Emotion,Emoji,Confidence
2026-03-02 16:17:49,neutral,😐,0.86
2026-03-02 16:17:50,neutral,😐,0.86
2026-03-02 16:17:51,neutral,😐,0.86
2026-03-02 16:17:52,neutral,😐,0.86
2026-03-02 16:17:53,neutral,😐,0.86
2026-03-02 16:17:54,neutral,😐,0.86
2026-03-02 16:17:55,neutral,😐,0.86
2026-03-02 16:17:57,neutral,😐,0.86
2026-03-02 16:17:57,neutral,😐,0.86
2026-03-02 16:17:58,neutral,😐,0.86
2026-03-02 16:17:59,neutral,😐,0.86
2026-03-02 16:18:00,neutral,😐,0.86
2026-03-02 16:18:01,neutral,😐,0.86
2026-03-02 16:18:02,neutral,😐,0.86
2026-03-02 16:18:03,neutral,😐,0.86
2026-03-02 16:18:04,neutral,😐,0.86
2026-03-02 16:18:05,neutral,😐,0.86
2026-03-02 16:18:06,neutral,😐,0.86
2026-03-02 16:18:07,neutral,😐,0.86
2026-03-02 16:18:08,neutral,😐,0.86
2026-03-02 16:18:09,neutral,😐,0.86
2026-03-02 16:18:10,neutral,😐,0.86
